Metric,Gazebo,Webots,Bullet / PyBullet,CoppeliaSim (V-REP),MuJoCo,ODE (Open Dynamics Engine),ROS 2 ,OpenRAVE,PhysX (open-source SDK),AirSim,Drake,DART,CARLA,MORSE,Simbody,OMPL (Open Motion Planning Library),Pinocchio,OROCOS,SOFA,MoveIt!,GraspIt!,Habitat,Project Chrono,Flightmare,MRPT,Newton Dynamics,YARP,OpenRTM-aist
Software name? (string),Gazebo,Webots,PyBullet,CoppeliaSim,MuJoCo,ODE (Open Dynamics Engine),ROS 2 (Robot Operating System 2),OpenRAVE (Open Robotics Automation Virtual Environment),PhysX (NVIDIA PhysX),AirSim (Aerial Informatics and Robotics Simulation),Drake,DART (Dynamic Animation and Robotics Toolkit),CARLA (CAR Learning to Act),MORSE (Modular OpenRobots Simulation Engine),Simbody,OMPL (Open Motion Planning Library),Pinocchio,OROCOS (Open RObot COntrol Software),SOFA (Simulation Open Framework Architecture),MoveIt! (MoveIt 2 for ROS 2),GraspIt!,Habitat-Sim,Project Chrono,Flightmare,MRPT (Mobile Robot Programming Toolkit),Newton Dynamics,YARP (Yet Another Robot Platform),OpenRTM-aist
URL? (URL),https://gazebosim.org,https://cyberbotics.com,https://pybullet.org,https://www.coppeliarobotics.com,https://mujoco.org,https://www.ode.org,https://ros.org,http://openrave.org,https://developer.nvidia.com/physx-sdk,https://microsoft.github.io/AirSim,https://drake.mit.edu,https://dartsim.github.io,https://carla.org,https://morse-simulator.github.io/,https://simtk.org/projects/simbody,https://ompl.kavrakilab.org,https://stack-of-tasks.github.io/pinocchio,https://www.orocos.org,https://www.sofa-framework.org,https://moveit.ai,http://graspit-simulator.github.io,https://aihabitat.org,https://projectchrono.org,https://uzh-rpg.github.io/flightmare,https://www.mrpt.org,https://github.com/JulioJerez/newton-dynamics,https://www.yarp.it,https://www.openrtm.org
Affiliation (institution(s)) (string or N/A),Open Robotics (formerly OSRF),Cyberbotics Ltd. (originally developed at EPFL),Bullet Physics open-source community (originally by Erwin Coumans),"Coppelia Robotics AG (Zurich, Switzerland); originally developed within Toshiba R&D",Google DeepMind (acquired October 2021); originally developed at University of Washington Movement Control Lab by Emanuel Todorov; commercialized by Roboti LLC,Russell Smith (original developer),Open Robotics,"Carnegie Mellon University Robotics Institute / Quality of Life Technology Center (originated 2006); later maintained at JSK Robotics Lab, University of Tokyo; primary maintainer: Rosen Diankov (MUJIN Inc.)",NVIDIA Corporation; originally developed by NovodeX AG (Switzerland); acquired by Ageia Technologies in 2004; acquired by NVIDIA in 2008,"Microsoft Research (developed at Microsoft AI & Research); original team led by Shital Shah, Debadeepta Dey, and Ashish Kapoor",Toyota Research Institute (TRI); MIT CSAIL / Robot Locomotion Group (origin),"Georgia Institute of Technology, Graphics Lab and Humanoid Robotics Lab (originated 2011, created by C. Karen Liu and Mike Stilman); University of Washington Personal Robotics Lab; Open Source Robotics Foundation; Stanford University Movement Lab; Carnegie Mellon University","Computer Vision Center (CVC), Universitat Autònoma de Barcelona / Universitat Politècnica de Catalunya (UPC), Barcelona; Intel Labs; Embodied AI Foundation; collaborative open-source community","LAAS-CNRS (Laboratoire d'Analyse et d'Architecture des Systèmes, French National Center for Scientific Research), Toulouse, France; jointly developed with ONERA (French aerospace lab); contributions from 15+ universities worldwide","Simbios, NIH National Center for Physics-Based Simulation of Biological Structures at Stanford University; primary developers Michael Sherman and Peter Eastman (Stanford Simbios Center); Scott Delp Neuromuscular Biomechanics Lab (Stanford)","Kavraki Lab, Rice University (lead development); Dr. Lydia Kavraki (PI), Dr. Mark Moll, Dr. Zachary Kingston, Dr. Ioan Șucan","Inria (French National Institute for Research in Digital Science and Technology), Paris; LAAS-CNRS (Laboratoire d'Analyse et d'Architecture des Systèmes, Toulouse); primary developer: Justin Carpentier (Inria Willow team); co-creator: Nicolas Mansard (LAAS-CNRS Gepetto team)","KU Leuven / PMA Division, Belgium; founded by Herman Bruyninckx (KU Leuven, December 2000); initial implementation by Peter Soetens (PhD student KU Leuven); copyright shared by 20+ contributors internationally","Inria (France); four active Inria teams: Mimesis, Imagine, Defrost, Asclepios; founded 2006 by Inria alongside USTL, UJF, CNRS, and MGH (Massachusetts General Hospital)",PickNik Robotics (PickNik Inc.) leads development; originally developed by Sachin Chitta and Dave Coleman at Willow Garage / SRI International; maintained by broad ROS community,"Columbia University Robotics Group (Professor Peter Allen, lab of origin); current maintainers: Matei Ciocarlie (Columbia Robotics & Rehabilitation Lab), Jake Varley (Google), Jon Weisz; historical contributors at Columbia and Carnegie Mellon","Meta AI Research (FAIR — Fundamental AI Research); developed by Facebook AI Research; AI Habitat project part of FAIR's embodied AI research program led by researchers including Erik Wijmans, Abhishek Kadian, Amir Sadeghi, Claudia Perez-D'Arpino, and many others","University of Wisconsin-Madison (primary lead; Dan Negrut, Simulation-Based Engineering Lab) and University of Parma, Italy (co-developer; Alessandro Tasora); supported by NSF, US Army, and other funders","Robotics and Perception Group (RPG), University of Zurich and ETH Zurich; lead developers: Yunlong Song (ETH Zurich RPG), Selim Nusbaum, and team; PI: Davide Scaramuzza (ETH Zurich RPG director)","University of Almería (Spain); lead developer: Jose Luis Blanco-Claraco (Full Professor at University of Almería, formerly TU Munich and University of Málaga); founded 2005 by Jose Luis Blanco",Independent open-source project; primary developer: Julio Jerez; co-developer: Alain Suero (original co-author); community contributions via GitHub,"Istituto Italiano di Tecnologia (IIT), Genoa, Italy; RobotCub Consortium (EU-funded iCub humanoid robot project); primary developers: Lorenzo Natale, Daniele Pagnin, and IIT Robotics team; originates from humanoid robot research (iCub)","National Institute of Advanced Industrial Science and Technology (AIST), Japan; primary developer: Noriaki Ando (AIST Intelligent Systems Research Institute); OpenRTM-aist Project team at AIST"
Software purpose (string),"Open-source robotics simulator providing high-fidelity physics, rendering, and sensor models for robot simulation and testing","Open-source multi-platform robot simulator for modeling, programming, and simulating robots, vehicles, and mechanical systems","Python module for physics simulation, robotics, and deep reinforcement learning based on Bullet Physics SDK","Versatile and scalable robot simulation framework for rapid algorithm development, factory automation simulation, fast prototyping, verification, and digital twin creation","General-purpose physics simulator for research and development in robotics, biomechanics, graphics and animation, and machine learning requiring fast and accurate simulation of articulated structures","Open-source, high-performance library for simulating rigid body dynamics; used in robotics, games, and interactive simulation applications","Open-source software development kit (SDK) and middleware framework for robotics: provides communication infrastructure (DDS-based pub/sub), hardware abstraction, drivers, libraries, visualizers, tools, and community packages for building robot applications","Open-source robotics planning framework for testing, developing, and deploying motion planning algorithms; focuses on simulation and analysis of kinematic and geometric information for robot motion planning, especially manipulation","PhysX is a high-performance real-time physics engine SDK for simulating rigid bodies, particles, vehicles, deformables, and related physical effects; primarily used in video games and other real-time simulation applications.","Open-source simulator for autonomous vehicles (drones/quadrotors and ground vehicles) built on Unreal Engine; supports testing AI systems, computer vision, deep learning, and reinforcement learning for autonomous vehicle research; provides photorealistic environments, physics simulation, and sensor models (cameras, LiDAR, IMU)","Open-source C++ and Python toolbox for model-based design and verification of robotics systems; focuses on multibody dynamics, trajectory optimization, model predictive control, perception, manipulation planning, and formal verification for robustly safe robots",Open-source C++ physics engine and kinematics/dynamics library for robotics and computer animation; provides kinematic and dynamic simulation of articulated structures with an emphasis on accurate and stable simulation for manipulation and locomotion research,"Open-source autonomous driving simulator built on Unreal Engine; provides photorealistic urban environments, accurate physics, and a comprehensive sensor suite (cameras, LiDAR, radar, IMU, GPS) for developing, training, and validating autonomous driving systems and AI agents","Generic academic robotic simulator based on the Blender 3D engine and its integrated Bullet physics engine; provides a component-based architecture for simulating robots and their interactions with environments, emphasizing middleware-agnostic design (ROS, YARP, Pocolibs, etc.)","High-performance open-source C++ multibody dynamics library for simulating articulated biomechanical and mechanical systems; provides accurate physics simulation of skeletons, robots, and vehicles; serves as the physics engine underlying OpenSim (biomedical simulation software)","Open-source C++ library for sampling-based motion planning algorithms; provides implementations of planners such as PRM, RRT, RRT*, EST, and many others; designed as a framework for motion planning research and integration into robotics software (e.g., MoveIt, OpenRAVE)","Fast and flexible C++ library for rigid-body dynamics computations and their analytical derivatives; implements state-of-the-art algorithms (RNEA, CRBA, ABA, JSIM) for computing kinematics, dynamics, and Jacobians of articulated rigid-body models; includes Python bindings and supports robotics, animation, and optimal control applications",Open-source C++ framework for real-time robot control; major components: Real-Time Toolkit (RTT) for component-based hard real-time software; Kinematics and Dynamics Library (KDL) for serial chain kinematics; Bayesian Filtering Library (BFL); Orocos Component Library (OCL),"Open-source real-time medical simulation and interactive simulation framework; provides component-based architecture for deformable object simulation, finite element methods, collision detection, and haptic feedback; primary applications in surgical simulation, medical education, and soft robotics","Open-source robotics manipulation framework for ROS and ROS 2; provides motion planning, kinematics, collision checking, trajectory execution, and perception integration for robot arms and manipulators; integrates OMPL, CHOMP, STOMP, and other planners as plugins","Simulation environment for robotic grasping research; supports loading robot hand models and 3D object models to plan, evaluate, and visualize grasps; implements grasp quality metrics (epsilon and volume quality measures), contact model simulation, and the GraspIt! eigengrasp planning framework; integrates Columbia Grasp Database (CGDB)","Flexible, high-performance 3D simulator for embodied AI research; enables training and evaluation of embodied AI agents (virtual robots, navigation agents) in photorealistic 3D environments; provides efficient 3D scene rendering (Magnum renderer), dataset support (Matterport3D, Gibson, Replica, HM3D), and physics simulation via Bullet; companion to Habitat-Lab RL training framework","High-performance open-source multi-physics simulation library; provides multibody dynamics, finite element analysis (FEA), rigid and flexible body simulation, vehicle dynamics (Chrono::Vehicle), granular terrain (Chrono::Granular), fluid-solid interaction (Chrono::FSI), and sensor simulation (Chrono::Sensor); supports GPU-accelerated simulation via CUDA",Flexible modular quadrotor simulator for learning and control research; provides rendering-based environment (Unity3D rendering engine) and physics simulation for training reinforcement learning agents on drone racing and agile flight tasks; modular architecture separates rendering (Unity) from RL environment (Python/C++) for flexibility in fast or photorealistic simulation modes,"Open-source cross-platform C++ library for mobile robotics research and development; provides algorithms for SLAM (Simultaneous Localization and Mapping), computer vision, motion planning, and sensor data processing; includes a 3D robotics simulation environment (RawLogViewer, SceneViewer3D); supports mapping, localization, path planning, and sensor fusion","High-performance physics simulation engine for games and interactive applications; provides rigid body dynamics, collision detection, soft bodies, vehicle dynamics, and articulated rigid bodies; optimized for real-time deterministic simulation with exact arithmetic; provides Newtonian dynamics solver with an exact implicit solver for rigid body integrations; widely used in game development and robotics simulation","Open-source middleware for humanoid and general robotics; provides communication infrastructure for distributed robot systems (ports, carriers, protocols); supports inter-process communication between robot sensor and actuator modules; includes libraries for sensor processing, motor control, computer vision, and device abstraction; primary middleware for the iCub humanoid robot platform and used in many academic humanoid robot projects","Robotic Technology Middleware (RTM) implementation for the OMG-standardized RT (Robot Technology) Component standard; provides a component-based framework for creating, managing and connecting RT-Components (robot software modules); enables distributed robot systems by abstracting hardware and software interfaces into standardized components; includes component framework, execution context management, CORBA-based inter-component communication, and development tools (RTCBuilder, RTSystemEditor); widely used in Japanese robotics industry and research"
Number of developers (all developers that have contributed at least one commit to the project) (use repo commit logs) (number),224,168,333,6,138,46,77,146,13,279,381,102,279,63,74,150,167,81,370,598,34,80,222,6,132,41,125,30
"How is the project funded? (unfunded, unclear, funded∗) where ∗ requires a string to say the source of funding","funded (Open Source Robotics Foundation through contracts, grants, and donations from DARPA, NASA, Amazon, Bosch, Nvidia, Toyota Research Institute, and others)",funded (Cyberbotics),unclear,funded,funded,unfunded,funded,unclear,funded,funded,"funded (TRI, DARPA, NSF, ONR, Amazon, MathWorks)",funded,funded,"funded (Fondation RTRA/ROSACE, DGA/ACTION)","funded (NIH U54 GM072970, NIH U54 EB020405, NIH R24 HD065690, DARPA HR0011-12-C-0111)",funded (National Science Foundation),"funded (INRIA, LAAS-CNRS)",unclear,"funded (INRIA, CNRS, USTL, UJF, MGH)","funded (EU Horizon 2020 ROSIN grant 732287, PickNik Robotics)",unclear,funded,"funded (US Army Research Office, NSF, DoD, DOT)",unclear,unclear,unclear,"funded (Istituto Italiano di Tecnologia, RobotCub Consortium)",funded (AIST)
Initial release date? (date),2014-04-07,2018-11-05,2006-05-25,2019-09-27,2021-10-18,2001-03-04,2015-02-24,2009-08-15,2022-11-08,2017-02-13,2010-08-03,2011-04-01,2017-03-03,2009-10-30,2005-07-26,2010-04-26,2014-10-07,2007-02-13,2005-12-08,2011-10-11,2010-10-01,2019-02-25,2010-02-23,2020-07-14,2010-06-03,2013-05-06,2006-03-10,2005-05-12
Last commit date? (date),2026-05-09,2026-05-04,2025-10-21,2026-05-11,2026-05-11,2026-04-14,2026-04-29,2024-08-16,2026-04-13,2026-03-15,2026-05-11,2026-05-10,2026-05-11,2022-03-22,2026-03-19,2026-05-08,2026-05-11,2026-05-07,2026-05-08,2026-03-23,2020-07-10,2026-05-07,2026-05-11,2023-05-15,2026-05-10,2026-05-11,2026-04-25,2026-05-11
"Status? (alive is defined as presence of commits in the last 18 months) (alive, dead, unclear)",alive,alive,alive,alive,alive,alive (low activity),alive,dead,alive,alive,alive,alive,alive,dead,alive,alive,alive,alive,alive,alive,dead,alive,alive,dead,alive,alive,alive,alive
"License? (GNU GPL, BSD, MIT, terms of use, trial, none, unclear, other∗) ∗ given via a string",other (Apache-2.0),other (Apache-2.0),other (zlib License),other (mixed licensing: GPL + commercial/educational licenses),other (Apache-2.0),other (dual license: BSD-style / LGPL-2.1-or-later),other (Apache-2.0),other (LGPL-3.0-or-later + Apache-2.0),bsd,mit,bsd,bsd,mit,bsd,other (Apache-2.0),bsd,bsd,other (GPL-2.0-with-runtime-exception + LGPL-2.1-or-later),other (LGPL-2.1-or-later),bsd,GNU GPL (v3 or later),mit,bsd,mit,bsd,other (zlib License),bsd,other (LGPL-2.1)
"Platforms? (set of Windows, Linux, OS X, Android, other∗) ∗ given via string","Windows, Linux, OS X","Windows, Linux, OS X","Windows, Linux, OS X","Windows, Linux, OS X","Windows, Linux, OS X","Windows, Linux, OS X","Windows, Linux, OS X","Linux, OS X, Windows",Windows,"Windows, Linux","Linux, OS X","Ubuntu, Archlinux, FreeBSD, macOS, and Windows.","Windows, Linux","Windows, Linux, OS X","Windows, Linux, OS X","Windows, Linux, OS X","Windows, Linux, OS X","Windows, Linux, OS X","Windows, Linux, OS X",Linux,"Windows, Linux, OS X","Linux, OS X","Windows, Linux, OS X",Linux,"Windows, Linux, OS X","Windows, Linux, OS X, Android","Windows, Linux, OS X","Windows, Linux, OS X"
"Software Category? The concept category includes software that does not have an officially released version. Public software has a released version in the public domain. Private software has a released version available to authorized users only. (concept, public, private)",public,public,public,public,public,public,public,public,public,public,public,public,public,public,public,public,public,public,public,public,public,public,public,public,public,public,public,public
"Development model? (open source, freeware, commercial, unclear)",open source,open source,open source,commercial,open source,open source,open source,open source,open source,open source,open source,open source,open source,open source,open source,open source,open source,open source,open source,open source,open source,open source,open source,open source,open source,open source,open source,open source
Publications about the software? Refers to publications that have used or mentioned the software. (number or unknown),1,1,1,1,1,0,1,1,0,1,1,1,1,1,1,1,1,1,1,1,1,1,1,1,1,0,1,1
"Source code URL? (set of url, n/a, unclear)",https://github.com/gazebosim/gz-sim,https://github.com/cyberbotics/webots,https://github.com/bulletphysics/bullet3,https://github.com/CoppeliaRobotics/coppeliaSimLib,https://github.com/google-deepmind/mujoco,"https://bitbucket.org/odedevs/ode, https://github.com/thomasmarsh/ODE","https://github.com/ros2/ros2, https://github.com/ros2/rclcpp, https://github.com/ros2/rcl",https://github.com/rdiankov/openrave,"https://github.com/NVIDIA-Omniverse/PhysX, https://github.com/NVIDIAGameWorks/PhysX",https://github.com/microsoft/AirSim,https://github.com/RobotLocomotion/drake,https://github.com/dartsim/dart,https://github.com/carla-simulator/carla,https://github.com/morse-simulator/morse,https://github.com/simbody/simbody,https://github.com/ompl/ompl,https://github.com/stack-of-tasks/pinocchio,https://github.com/orocos/orocos_kinematics_dynamics,https://github.com/sofa-framework/sofa,"https://github.com/moveit/moveit2, https://github.com/moveit/moveit",https://github.com/graspit-simulator/graspit,https://github.com/facebookresearch/habitat-sim,https://github.com/projectchrono/chrono,https://github.com/uzh-rpg/flightmare,https://github.com/MRPT/mrpt,https://github.com/JulioJerez/newton-dynamics,https://github.com/robotology/yarp,https://github.com/OpenRTM/OpenRTM-aist
"Programming language(s)? (set of FORTRAN, Matlab, C, C++, Java, R, Ruby, Python, Cython, BASIC, Pascal, IDL, unclear, other)  given via string","C++, Python, C, Ruby, other (QML, CMake, Starlark, HTML, Shell)","C++, C, Python, Matlab, Java, other (JavaScript, Makefile, GLSL, HTML, CSS, Shell, SWIG, Lua)","C++, C, Python, other (CMake, Lua, Batchfile, Shell, Makefile)","C++, C, Python, other (QMake, CMake)","C++, Python, C, other (Jupyter Notebook, C#, CMake, TypeScript, HTML, Objective-C++, Shell, JavaScript)",unclear,unclear,"C++, Python, Matlab, C, other (CMake, C#, Shell, Makefile, Batchfile)","C++, Python, C, other (Cuda, HLSL, CMake, Lua, PowerShell, Batchfile, Shell, Kit)","C++, Python, C, other (C#, CMake, Shell, Batchfile, ShaderLab, PowerShell, Dockerfile, Makefile)","C++, Python, C, Ruby, other (Starlark, Jupyter Notebook, Shell, CMake, HTML, TeX, Groovy, Dockerfile)","C++, Python, Ruby, C, other (CMake, TeX, Dockerfile, Shell)","C++, Python, C, other (CMake, Shell, Batchfile, C#, Dockerfile)","C, Python, other (CMake, Smarty, Inno Setup, Batchfile, Shell)","C++, C, other (CMake, BitBake)","C++, Python, C, other (CMake, Shell, Dockerfile)","C++, Python, C, other (CMake, Shell, Nix, Batchfile)","C++, Python, C, Matlab, other (CMake, TeX, Makefile, Roff, Euphoria)","C++, C, Python, other (CMake, Cuda, GLSL, sed, Shell, HTML, SWIG, TeX)","C++, C, Python, other (CMake, Shell, Dockerfile, TeX, NASL, HTML, GDB)","C++, C, IDL, other (HTML, CMake, Roff, Shell, Batchfile, Makefile, QMake, M4)","C++, Python, C, other (CMake, GLSL, Shell, Cuda, Dockerfile)","C++, Python, C, other (Cuda, CMake, SWIG, C#, CSS, Shell, Batchfile, POV-Ray SDL)","C++, Python, other (CMake, Dockerfile)","C++, C, Python, Matlab, other (CMake, GLSL, Shell, Batchfile, Makefile)","C++, C, Python, Java, other (HTML, SWIG, JavaScript, CMake, Cuda, Objective-C, CSS, Lua)","C++, C, Matlab, Python, Java, Ruby, other (CMake, Thrift, SWIG, QML, Shell, Lua, Perl, PowerShell)","C++, Python, IDL, C, other (CMake, Shell, Makefile, Batchfile, Dockerfile)"
"Is there evidence that performance was considered? Performance refers to either speed, storage, or throughput. (yes∗, no)",yes ,yes ,yes,yes,yes,yes,yes,yes,yes,yes,yes,yes,yes,yes,yes,yes,yes,yes,yes,yes,yes,yes,yes,yes,yes,yes,yes,yes
Additional comments? (can cover any metrics you feel are missing,,,,,,,,,,,,,,,,,,,,,,,,,,,,
,,,,,,,,,,,,,,,,,,,,,,,,,,,,
,,,,,,,,,,,,,,,,,,,,,,,,,,,,
Installability (Measured via installation on a virtual machine.),,,,,,,,,,,,,,,,,,,,,,,,,,,,
"Are there installation instructions? (yes,no)",yes,yes,yes,yes,yes,yes,yes,yes,yes,yes,yes,yes,yes,yes,yes,yes,yes,yes,yes,yes,yes,yes,yes,yes,yes,yes,yes,yes
"Are the installation instructions in one place? Place referring to a single document or web-page. (yes, no, n/a)",yes,yes,yes,no,yes,yes,yes,yes,yes,yes,yes,yes,yes,yes,yes,yes,yes,no,yes,yes,yes,yes,yes,yes,yes,yes,yes,yes
"Are the installation instructions linear? Linear meaning progressing in a single series of steps. (yes, no, n/a)",yes,yes,yes,yes,yes,yes,yes,yes,yes,yes,yes,yes,no,yes,yes,yes,yes,no,yes,yes,yes,yes,yes,yes,yes,yes,yes,yes
"Are the instructions written as if the person doing the installation has none of the dependent packages installed? (yes, no, unclear)",yes,yes,yes,no,yes,no,yes,no,no,yes,yes,yes,yes,yes,yes,yes,yes,yes,yes,yes,yes,no,yes,yes,yes,yes,yes,no
"Are compatible operating system versions listed? (yes, no)",yes,yes,no,yes,no,no,yes,no,yes,no,yes,yes,yes,no,yes,yes,yes,no,no,yes,yes,no,yes,no,yes,no,yes,yes
"Is there something in place to automate the installation (makefile, script, installer, etc)? (yes∗, no)",yes,yes,yes,yes,yes,yes,yes,yes,yes,yes,yes,yes,yes,yes,yes,yes,yes,yes,yes,yes,yes,yes,yes,yes,yes,yes,yes,yes
"If the software installation broke, was a descriptive error message displayed? (yes, no, n/a)",n/a,n/a,n/a,n/a,yes,n/a,n/a,yes,n/a,yes,n/a,n/a,n/a,yes,n/a,n/a,n/a,n/a,n/a,n/a,yes,n/a,n/a,n/a,n/a,n/a,n/a,yes
"Is there a specified way to validate the installation? (yes∗, no)",yes,yes ,yes,yes,yes,yes,yes,yes,no,yes,yes,yes,yes,yes,yes,yes,yes,yes,yes,yes,yes,yes,yes,yes,yes,yes,yes,yes
"How many steps were involved in the installation? (Includes manual steps like unzipping files) Specify OS. (number, OS)","1, Ubuntu (ROS)","2, Ubuntu (.deb)","1, Ubuntu/Linux","3, Linux","1, Linux","4, Linux/Ubuntu","3, Linux","3, Linux","2, Linux","2, Linux","3, Linux","2, Ubuntu/Debian","6, Linux","1, Linux","1, Linux","1, Linux","1, Linux","3, Linux","3, Linux/Pixi","1, Linux","11, Linux","2, Linux/Conda","6, Linux/Ubuntu source","4, Linux (pip)","1, Linux","5, Linux","6, Linux","2, Ubuntu (pkg_install_ubuntu.sh)"
"What OS was used for the installation? (Windows, Linux, OS X, Android, other∗ ) ∗given via string",Linux,Linux,Linux,Linux,Linux,Linux,Linux,Linux,Linux,Linux,Linux,Linux,Linux,Linux,Linux,Linux,Linux,Linux,Linux,Linux,Linux,Linux,Linux,Linux,Linux,Linux,Linux,Linux
How many extra software packages need to be installed before or during installation? (number),3,0,1,0,0,2,3,0,0,0,0,0,2,0,0,1,1,1,2,2,10,1,2,6,1,3,3,3
"Are required package versions listed? (yes, no, n/a)",no,no,no,no,no,no,yes,no,no,yes,yes,yes,yes,yes,yes,yes,yes,yes,yes,yes,yes,yes,yes,yes,yes,yes,yes,no
"Are there instructions for the installation of required packages / dependencies? (yes, no, n/a)",yes,yes,yes,no,n/a,no,yes,yes,no,yes,yes,yes,n/a,yes,yes,no,yes,yes,yes,yes,yes,no,yes,yes,yes,yes,yes,yes
"Run uninstall, if available. Were any obvious problems caused? (yes , no, unavail)",no,no,no,no,no,no,no,yes,no,no,no,no,no,no,no,no,no,no,no,no,no,no,no,no,no,no,no,no
Overall impression? (1 .. 10),10,8,9,8,7,4,8,8,4,8,7,8,7,9,7,9,10,7,6,7,5,8,7,7,8,6,7,7
Additional comments? (can cover any metrics you feel are missing,,,,,,"the document doesn't write very well, it is hard for beginner.The official installation instructions appear outdated. The guide is from 2006 and uses old build steps such as GNU make, VC6 project files, manual copying of library/header files, and MacOS X X11 setup.",,,,,"The installation and testing  do not match. After installing with pip, running the program results in a “file not found” error.cd src
python3 particle_test.py",,,,,,,,,,,,,,,,,
,,,,,,,,,,,,,,,,,,,,,,,,,,,,
,,,,,,,,,,,,,,,,,,,,,,,,,,,,
Correctness and Verifiability,,,,,,,,,,,,,,,,,,,,,,,,,,,,
"Any reference to the requirements specifications of the program or theory manuals? (yes , no, unclear)",yes ,yes,yes,yes,yes,yes,yes,yes,yes,yes,yes,yes,yes,yes,yes,yes,yes,yes,yes,yes,yes,yes,yes,yes,yes,no,no,yes
"What tools or techniques are used to build confidence of correctness? (literate programming, automated testing, symbolic execution, model checking, assertions used in the code, Sphinx, Doxygen, Javadoc, confluence, unclear, other∗) ∗ given via string",automated testing,"automated testing, assertions used in the code",assertions used in the code,"automated testing, assertions used in the code","automated testing, assertions used in the code",assertions used in the code,automated testing,"automated testing, assertions used in the code","automated testing, assertions used in the code, Doxygen",automated testing,"automated testing, assertions used in the code, Doxygen","automated testing, assertions used in the code, Sphinx, Doxygen","automated testing, assertions used in the code","automated testing, assertions used in the code","automated testing, assertions used in the code","automated testing, assertions used in the code, Doxygen","automated testing, assertions used in the code, Doxygen","automated testing, assertions used in the code, Doxygen","automated testing, assertions used in the code, Doxygen","automated testing, assertions used in the code","automated testing, assertions used in the code","automated testing, assertions used in the code, Sphinx, Doxygen","automated testing, assertions used in the code, Doxygen","automated testing, assertions used in the code","automated testing, Doxygen","automated testing, assertions used in the code, Doxygen","automated testing, assertions used in the code","Doxygen,automated testing"
"If there is a getting started tutorial? (yes, no)",yes,yes,yes,yes,yes,yes,yes,yes,yes,yes,yes,yes,yes,yes,yes,yes,yes,yes,yes,yes,yes,yes,yes,yes,yes,yes,yes,yes
"Are the tutorial instructions linear? (yes, no, n/a)",yes,yes,yes,yes,yes,yes,yes,yes,yes,yes,yes,yes,yes,yes,yes,yes,yes,yes,no,yes,yes,yes,yes,yes,yes,yes,yes,yes
"Does the getting started tutorial provide an expected output? (yes, no*, n/a)",yes,yes ,yes,yes,yes,yes,yes,yes,yes,yes,yes,yes,yes,yes,yes,yes,yes,yes,no,yes,yes,yes,yes,no,yes,no,yes,yes
"Does your tutorial output match the expected output? (yes, no, n/a)",yes,yes,yes,yes,n/a,yes,yes,yes,yes,yes,yes,yes,yes,yes,yes,yes,yes,yes,n/a,yes,yes,yes,yes,n/a,yes,n/a,yes,n/a
"Are unit tests available? (yes, no, unclear)",yes,yes,yes,unclear,yes,yes,yes,yes,yes,yes,yes,yes,yes,yes,yes,yes,yes,yes,yes,yes,yes,yes,yes,yes,yes,yes,yes,yes
"Is there evidence that performance was considered? Performance refers to either speed, storage, or throughput. (yes, no)",yes (performance-related code or documentation references),yes (performance-related code or documentation references),yes (performance-related code or documentation references),yes (performance-related code or documentation references),yes (performance-related code or documentation references),yes (performance-related code or documentation references),yes (performance-related code or documentation references),yes (ANN library includes performance counting macros),"yes (blast/include/extensions/authoring/NvBlastExtAuthoringFractureTool.h, blast/include/extensions/stress/NvBlastExtStressSolver.h)",yes (performance-related code or documentation references),yes (performance-related code or documentation references),"yes (DART_BUILD_PROFILE, DART_PROFILE_TRACY, DART_ENABLE_SIMD options, compiler cache)",yes (performance-focused changes documented in changelog),yes (performance-related code or documentation references),yes (performance-related code or documentation references),"yes (VAMP integration with SIMD, build type options for Release/RelWithDebInfo, parallel builds)","yes (benchmark infrastructure, tracy profiler option, CRTP pattern mentioned)",yes (performance-related code or documentation references),"yes (parallel execution options, performance optimizations mentioned)",yes (performance-related code or documentation references),yes (performance-related code or documentation references),yes (performance-related code or documentation references),yes (performance-related code or documentation references),yes (performance-related code or documentation references),yes (performance-related code or documentation references),"yes (SSE/AVX/GPU solver options, parallel processing, caching)",yes (performance-related code or documentation references),yes (performance-related code or documentation references)
Overall impression? (1 .. 10),10,8,7,8,7,6,9,8,6,8,10,8,8,8,7,9,9,8,6,9,5,8,8,6,8,5,8,8
Additional comments? (can cover any metrics you feel are missing,,,,,,,,,,,,,,,,,,,,,,,,,,,,
,,,,,,,,,,,,,,,,,,,,,,,,,,,,
Surface Reliability  ,,,,,,,,,not easy to find the link:https://nvidia-omniverse.github.io/PhysX/physx/5.6.1/docs/BuildingWithPhysX.html,,,,,,,,,,,,,,,,,,,
"Did the software ""break"" during installation? (yes∗ , no)",no,no,no,no,no,no,no,yes,no,no,no,no,no,no,no,no,no,no,no,no,no,no,no,no,no,no,yes,no
"If the software installation broke, was the installation instance recoverable? (yes, no, n/a)",n/a,n/a,n/a,n/a,n/a,n/a,n/a,yes,n/a,n/a,n/a,n/a,n/a,n/a,n/a,n/a,n/a,n/a,n/a,n/a,n/a,n/a,n/a,n/a,n/a,n/a,yes,n/a
"Did the software ""break"" during the initial tutorial testing? (yes∗, no, n/a)",n/a,no,no,no,no,no,no,no,no,no,no,no,no,n/a,no,no,no,no,no,no,no,no,no,no,no,no,no,no
"If the tutorial testing broke, was a descriptive error message displayed? (yes, no, n/a)",n/a,n/a,n/a,n/a,n/a,n/a,n/a,n/a,n/a,n/a,n/a,n/a,n/a,n/a,n/a,n/a,n/a,n/a,n/a,n/a,n/a,n/a,n/a,n/a,n/a,n/a,n/a,n/a
"If the tutorial testing broke, was the tutorial testing instance recoverable? (yes, no, n/a)",n/a,n/a,n/a,n/a,n/a,n/a,n/a,n/a,n/a,n/a,n/a,n/a,n/a,n/a,n/a,n/a,n/a,n/a,n/a,n/a,n/a,n/a,n/a,n/a,n/a,n/a,n/a,n/a
Overall impression? (1 .. 10),10,8,8,8,8,7,9,8,6,8,10,8,8,8,7,9,9,7,8,9,6,8,8,7,7,6,7,7
Additional comments? (can cover any metrics you feel are missing,,,,,,,,,,,,,,,,,,,,,,,,,,,,
,,,,,,,,,,,,,,,,,,,,,,,,,,,,
,,,,,,,,,,,,,,,,,,,,,,,,,,,,
Surface Robustness,,,,,,,,,,,,,,,,,,,,,,,,,,,,
"Does the software handle unexpected/unanticipated input (like data of the wrong type, empty input, missing files or links) reasonably? (a reasonable response can include an appropriate error message.) (yes, no∗ )",yes,yes,yes,yes,yes,yes,yes,yes,yes,yes,yes,yes,yes,yes,yes,yes,yes,yes,yes,yes,yes,yes,yes,yes,yes,yes,yes,yes
"For any plain text input files, if all new lines are replaced with new lines and carriage returns, will the software handle this gracefully? (yes, no∗, n/a)",yes,yes,yes,n/a,yes,n/a,yes,yes,n/a,yes,yes,yes,yes,yes,yes,yes,yes,yes,yes,yes,yes,yes,yes,yes,yes,yes,yes,yes
Overall impression? (1 .. 10),10,7,7,7,8,7,8,7,6,8,9,7,7,8,7,8,8,6,7,8,5,8,7,8,8,6,7,7
Additional comments? (can cover any metrics you feel are missing,,,,,,,,,,,,,,,,,,,,,,,,,,,,
,,,,,,,,,,,,,,,,,,,,,,,,,,,,
Surface Usability,,,,,,,,,,,,,,,,,,,,,,,,,,,,
"Is there a getting started tutorial? (yes, no)",yes,yes,yes,yes,yes,yes,yes,yes,yes,yes,yes,yes,yes,yes,yes,yes,yes,yes,yes,yes,yes,yes,yes,yes,yes,yes,yes,yes
"Is there a user manual? (yes, no)",yes,yes,yes,yes,yes,yes,yes,yes,yes,yes,yes,yes,yes,yes,yes,yes,yes,yes,yes,yes,yes,yes,yes,yes,yes,yes,yes,yes
"Are expected user characteristics documented? (yes, no)",no,no,no,no,yes,no,no,no,no,no,no,no,no,no,no,no,no,no,no,no,no,no,no,no,no,no,no,no
What is the user support model? FAQ? User forum? E-mail address to direct questions? Etc. (string),"Community forum (community.gazebosim.org), GitHub Issues, comprehensive documentation site (gazebosim.org/docs), ROS Answers integration","Robotics StackExchange (webots tag), GitHub Discussions, GitHub Issues for bug reports, Discord for quick questions, comprehensive documentation site","PyBullet forum (pybullet.org/Bullet/phpBB3/), GitHub Issues, PyBullet Quickstart Guide, online API documentation","Official forum (forum.coppeliarobotics.com), comprehensive User Manual included in download, tutorial series on official website, API documentation online","GitHub Issues for bug reports and feature requests, GitHub Discussions for questions, comprehensive documentation at mujoco.readthedocs.io","ODE mailing list (ode-users@ode.org), official wiki/documentation at ode.org, Bitbucket issue tracker","Discourse forum (discourse.ros.org), GitHub Issues per repository, ROS Answers Q&A site (answers.ros.org), ROS-Industrial community, ROSCon annual conference, official documentation at docs.ros.org","GitHub Issues (rdiankov/openrave), openrave-users mailing list, openrave.org documentation wiki, Stack Overflow (openrave tag)",GitHub Discussions for questions/comments; GitHub Issues for bugs or documentation issues; NVIDIA Omniverse #physics Discord channel.,GitHub Discussions for questions; GitHub Issues for reports; AirSim Facebook Group; repository has an announced archive/migration path to Project AirSim.,"GitHub Issues (RobotLocomotion/drake), Drake Slack workspace, drake-users mailing list, documentation at drake.mit.edu, Underactuated Robotics online textbook (Russ Tedrake)","DART Forum (discourse-based, forum.dartsim.org), GitHub Issues, documentation at dartsim.github.io, Stack Overflow (dart-simulator tag)","GitHub Issues, CARLA Discord server, documentation at carla.readthedocs.io, CARLA CVPR challenge community, mailing list",No active maintenance expected; historical morse-users and morse-dev mailing lists plus GitHub issue tracker remain documented.,"SimTK.org forum (simbody project page), GitHub Issues, documentation at simbody.github.io, OpenSim forum for users accessing Simbody through OpenSim","GitHub Issues, ompl-users Google Group mailing list, documentation at ompl.kavrakilab.org, Stack Overflow (ompl tag)","GitHub Issues, GitHub Discussions (Q&A), documentation at stack-of-tasks.github.io/pinocchio, examples directory in repository","orocos.org mailing list, GitHub Issues, Stack Overflow (orocos tag), ROS Answers for KDL questions","SOFA community forum (sofa-framework.org/community/forum), GitHub Issues, documentation at sofa-framework.org/community/doc, annual SOFA Week conference","GitHub Discussions, GitHub Issues, ROS Discourse (moveit category), annual World MoveIt Day, Discord server, documentation at moveit.ai","GitHub Issues, graspit-users mailing list (Google Groups), user manual documentation at graspit-simulator.github.io","GitHub Issues, GitHub Discussions, aihabitat.org documentation, AI Habitat Discord server, mailing list","projectchrono.org forum, GitHub Issues, GitHub Discussions, Discord server (Project Chrono community)","GitHub Issues, GitHub Discussions, uzh-rpg.github.io/flightmare documentation","GitHub Issues, Google Groups mailing list (mrpt-users), mrpt.org documentation, ROS Answers for ROS integration questions","GitHub Issues (JulioJerez/newton-dynamics), newtondynamics.com forum (historical), GitHub Discussions","GitHub Issues, yarp.it documentation mailing list, RobotCub community forum, IIT Robotics GitHub Discussions","openrtm.org forum (Japanese and English), GitHub Issues (OpenRTM/OpenRTM-aist), AIST mailing list for commercial inquiries"
Overall impression? (1 .. 10),10,8,7,7,8,6,9,8,7,8,9,7,8,8,7,8,8,6,6,9,5,8,7,6,7,5,7,6
Additional comments? (can cover any metrics you feel are missing,,,,,,,,,,,,,,,,,,,,,,,,,,,,
,,,,,,,,,,,,,,,,,,,,,,,,,,,,
,,,,,,,,,,,,,,,,,,,,,,,,,,,,
"
Maintainability ",,,,,,,,,,,,,,,,,,,,,,,,,,,,
What is the current version number? (number),gz-sim10_10.0.0,R2025a,3.25,coppeliasim-v4.10.0-rev0,3.8.1,0.16.6,release-jazzy-20260128,v0.9.0,ovphysx-0.3.7,v1.8.1-windows,v1.52.1,v6.16.7,0.9.16,1.4,Simbody-3.8,2.0.0,v4.0.0,1.5.3,v25.12.00,kilted-2.14.3,4.0,v0.3.3,10.0.0,0.0.5,2.15.17,"v4,03",v3.12.2,v2.0.2
"Is there any information on how code is reviewed, or how to contribute? (yes∗, no)",yes,"yes (GitHub pull request workflow, contribution guidelines, code of conduct documented)",yes,no,yes,yes,yes,yes,yes,yes,yes,yes,yes,yes,yes,yes,yes,yes,yes,yes,no,yes,yes,yes,yes,yes,yes,yes
"Are artifacts available? (List every type of file that is not a code file – for examples please look at the 'Artifact Name' column of https://gitlab.cas.mcmaster.ca/SEforSC/se4sc/-/blob/git-svn/GradStudents/Olu/ResearchProposal/Artifacts_MiningV3.xlsx) (yes∗, no, unclear) ∗list via string","yes (configuration, data/configuration, documentation, images, other .apt, other .bash, other .bazel, other .blend)","yes (configuration, data/configuration, documentation, images, other .a, other .ac, other .applications, other .bin)","yes (configuration, data/configuration, documentation, images, notebooks, other .a, other .am, other .bin)","yes (documentation, images, other .pri, other .pro, other .qrc, other .qss, other .tga, other .ui)","yes (configuration, data/configuration, documentation, images, notebooks, other .asmdef, other .html, other .icns)","yes (data/configuration, documentation, images, other .ac, other .am, other .bin, other .cpp_deprecated, other .csproj)","yes (configuration, data/configuration, documentation, other .repos)","yes (configuration, data/configuration, documentation, images, other .apache, other .bash, other .cmakein, other .csproj)","yes (configuration, data/configuration, documentation, images, other .3, other .c++, other .cal, other .cmd)","yes (configuration, data/configuration, documentation, images, other .asset, other .cmd, other .config, other .csproj)","yes (configuration, data/configuration, documentation, images, notebooks, other .base64, other .bazel, other .bin)","yes (configuration, data/configuration, documentation, images, other .bib, other .cff, other .dae, other .dof)","yes (configuration, data/configuration, documentation, images, other .in, other .rviz, other .sublime-project, other .uasset)","yes (data/configuration, documentation, other .bash, other .blend, other .cof, other .dae, other .dox, other .fed)","yes (data/configuration, documentation, other .dll, other .in, other .inc, other .lib, other .vtp)","yes (configuration, data/configuration, documentation, other .blend, other .cff, other .db, other .in, other .ppm)","yes (configuration, data/configuration, documentation, notebooks, other .bib, other .cff, other .imp, other .lock)","yes (data/configuration, documentation, other .debian, other .ex, other .in, other .inl, other .install)","yes (configuration, data/configuration, documentation, images, other .args, other .avi, other .awk, other .bmp)","yes (configuration, data/configuration, documentation, images, other .cff, other .dae, other .dcf, other .df)","yes (data/configuration, documentation, images, other .9, other .ac, other .am, other .def, other .diz)","yes (configuration, data/configuration, documentation, images, notebooks, other .bin, other .exr, other .frag)","yes (configuration, data/configuration, documentation, images, other .adm, other .bazel, other .bin, other .blend)","yes (data/configuration, documentation, other .launch, other .ply, other .rviz, other .zip)","yes (configuration, data/configuration, documentation, images, other .3dscene, other .asian, other .avi, other .bdf)","yes (configuration, data/configuration, documentation, images, other .1, other .3, other .686, other .ac)","yes (configuration, data/configuration, documentation, images, other .ac, other .am, other .as, other .asd)","yes (configuration, data/configuration, documentation, images, other .am, other .autotestin, other .autotestout, other .bmp)"
"What issue tracking tool is employed? (set of Trac, JIRA, Redmine, e-mail, discussion board, sourceforge, google code, git, BitBucket, none, unclear, other∗) ∗ given via string",git,git (GitHub Issues),git,git (GitHub Issues) and discussion board (official forum),git (GitHub Issues),BitBucket (issue tracker on bitbucket.org/odedevs/ode),git (GitHub Issues across ros2 organization repositories),git (GitHub Issues),git (GitHub Issues),git (GitHub Issues — now archived and read-only),git (GitHub Issues),git (GitHub Issues),git (GitHub Issues),git (GitHub Issues — no longer monitored),git (GitHub Issues) and SimTK.org tracker,git (GitHub Issues),git (GitHub Issues and GitHub Discussions),git (GitHub Issues and historical orocos.org tracker),git (GitHub Issues),git (GitHub Issues and GitHub Projects),git (GitHub Issues),git (GitHub Issues and GitHub Discussions),git (GitHub Issues),git (GitHub Issues),git (GitHub Issues),git (GitHub Issues and GitHub Discussions),git (GitHub Issues),git (GitHub Issues; previously SourceForge and AIST Trac)
What is the percentage of identified issues that are closed? (percentage),56.66%,87.94%,87.25%,95.45%,91.65%,n/a,86.23%,42.91%,67.86%,80.01%,89.98%,100.00%,81.95%,77.63%,59.48%,93.18%,92.31%,77.98%,64.09%,80.53%,56.58%,75.71%,96.79%,34.64%,95.36%,100.00%,82.27%,81.38%
What percentage of code is comments? (percentage),11.90%,1.93%,2.75%,5.09%,6.67%,18.80%,0.00%,19.21%,17.25%,10.26%,20.48%,9.18%,9.44%,2.67%,25.27%,27.42%,11.93%,27.98%,4.45%,26.12%,2.05%,7.74%,1.12%,20.10%,9.43%,15.69%,15.08%,26.34%
"Which version control system is in use? (svn, cvs, git, Github, unclear, other∗) ∗ given via string",Github,Github,git,Github,Github,other and github,Github,Github,Github,Github,Github,Github,Github,Github,Github,Github,Github,Github,Github,Github,Github,Github,Github,Github,Github,Github,Github,Github
Overall impression? (1 .. 10),10,8,7,7,8,6,9,8,8,8,9,8,8,8,7,8,9,6,7,9,4,8,8,4,8,5,8,7
Additional comments? (can cover any metrics you feel are missing,,,,,,,,,,,,,,,,,,,,,,,,,,,,
,,,,,,,,,,,,,,,,,,,,,,,,,,,,
,,,,,,,,,,,,,,,,,,,,,,,,,,,,
Reusability ,,,,,,,,,,,,,,,,,,,,,,,,,,,,
How many code files are there? ( (0-9=0,1043,3728,3124,699,1271,628,0,2191,4201,697,4079,1671,1205,476,980,889,1266,221,3863,1602,941,547,4587,118,2316,7823,5059,887
"Is API documented? (yes, no, n/a)",yes,yes,yes,yes,yes,yes,yes,yes,yes,yes,yes,yes,yes,yes,yes,yes,yes,yes,yes,yes,yes,yes,yes,yes,yes,yes,yes,yes
Overall impression? (1 .. 10),10,8,8,8,9,7,9,7,8,8,8,8,8,5,7,9,9,7,7,9,5,8,7,6,8,6,7,6
Additional comments? (can cover any metrics you feel are missing,,,,,,,,,,,,,,,,,,,,,,,,,,,,
,,,,,,,,,,,,,,,,,,,,,,,,,,,,
,,,,,,,,,,,,,,,,,,,,,,,,,,,,
,,,,,,,,,,,,,,,,,,,,,,,,,,,,
"Consistent indentation and formatting style? (yes, no, n/a)",yes,yes,yes,yes,yes,yes,yes,yes,yes,yes,yes,yes,yes,yes,yes,yes,yes,yes,yes,yes,yes,yes,yes,yes,yes,yes,yes,yes
"Explicit identification of a coding standard? (yes∗, no, n/a)",yes,yes,yes,no,yes,no,yes,no,no,no,yes,no,no,no,no,yes,yes,no,no,yes,no,yes,yes,no,yes,no,yes,yes
"Are the code identifiers consistent, distinctive, and meaningful? (yes, no∗ , n/a)",yes,yes,yes,yes,yes,yes,yes,yes,yes,yes,yes,yes,yes,yes,yes,yes,yes,yes,yes,yes,yes,yes,yes,yes,yes,yes,yes,yes
"Are constants (other than 0 and 1) hard coded into the program? (yes, no∗ , n/a)",yes,yes (some magic constants appear in sampled source files),yes,yes,yes,yes,yes,yes,yes,yes,yes,yes,yes,yes,yes,yes,yes,yes,yes,yes,yes,yes,yes,yes,yes,yes,yes,yes
"Comments are clear, indicate what is being done, not how? (yes, no∗ , n/a)",yes,yes,yes,yes,yes,yes,yes,yes,yes,yes,yes,yes,yes,yes,yes,yes,yes,yes,yes,yes,yes,yes,yes,yes,yes,yes,yes,yes
"Parameters are in the same order for all functions? (yes, no∗ , n/a)",,,,,,,,,,,,,,,,,,,,,,,,,,,,
"Is the name/URL of any algorithms used mentioned? (yes, no∗ , n/a)",yes,yes,yes,yes,yes,yes,yes,yes,yes,yes,yes,yes,yes,yes,yes,yes,yes,yes,yes,yes,yes,yes,yes,yes,yes,yes,yes,yes
"Is code modularized? (yes, no∗ , n/a)",yes,yes,yes,yes,yes,yes,yes,yes,yes,yes,yes,yes,yes,yes,yes,yes,yes,yes,yes,yes,yes,yes,yes,yes,yes,yes,yes,yes
Overall impression? (1 .. 10),10,7,7,7,8,7,8,8,8,7,8,7,7,6,7,9,8,6,7,9,5,8,7,6,8,6,7,7
Additional comments? (can cover any metrics you feel are missing,,,,,,,,,,,,,,,,,,,,,,,,,,,,
,,,,,,,,,,,,,,,,,,,,,,,,,,,,
,,,,,,,,,,,,,,,,,,,,,,,,,,,,
,,,,,,,,,,,,,,,,,,,,,,,,,,,,
"Is the development process defined? If yes, what process is used. (yes∗, no, n/a)",yes (CONTRIBUTING.md references contribution guide; CODE_OF_CONDUCT.md present; CI workflows; dependabot.yml),"yes (GitHub Actions CI, pull request templates, contributing guidelines)",yes (CI via GitHub Actions and Appveyor; unit tests),unclear,"yes (GitHub Actions CI, CONTRIBUTING.md)",unclear,"yes (GitHub Actions CI, release workflows)",yes (CI via GitHub Actions and Travis CI),"yes (CONTRIBUTING.md, .github/PULL_REQUEST_TEMPLATE.md, .github/ISSUE_TEMPLATE/Bug_report.md)","yes (GitHub CI/CD, PR templates, contributing guides, issue templates)","yes (CI, contributing guide, release notes, development environment docs)","yes (CONTRIBUTING.md, PR templates, CI workflows)","yes (CI/CD via GitHub Actions, .github/workflows; contributing guidelines in Docs/cont_contribution_guidelines.md; PR templates)","yes (CI, contributing guide, release notes)","yes (CONTRIBUTING.md describes PR process, CI)",unclear,"yes (CI workflows, pull request template, contributing guide)","yes (CI workflow, issue/PR tracking via GitHub, versioning in CHANGELOG.md)","yes (CI, pull requests, contribution guidelines, weekly meetings)","yes (CI, contributing guidelines, Dockerfiles, release notes)","yes (CI with Travis, unit tests)","yes (CONTRIBUTING.md describes developer workflow, PR process, squash-and-merge policy, versioning, and release workflow)","yes (GitHub PR templates, CI via appveyor.yml, contribution guidelines)","yes (CI via GitHub Actions, clang-format enforcement)","yes (CI, contributing guidelines, PR templates)","yes (CI via .github/workflows/build.yml, unit tests present)","yes (CI workflows, contributing guidelines, release notes)","yes (CI via GitHub Actions and Azure Pipelines, contribution guidelines, issue templates)"
"Are there any documents recording the development process and status? (yes∗, no))",yes,"yes (GitHub Issues, pull requests, release notes)",yes,yes,yes,yes,yes,yes,yes,yes,yes,yes,yes,yes,yes,yes,yes,yes,yes,yes,yes,yes,yes,yes,yes,yes,yes,yes
"Is the development environment documented? (yes∗, no)",yes,yes,yes,yes,yes,yes,yes,yes,yes,yes,yes,yes,yes,yes,yes,yes,yes,yes,yes,yes,yes,yes,yes,yes,yes,yes,yes,yes
"Are there release notes? (yes∗, no)",yes,yes,yes,yes,yes,yes,yes,no,yes,yes,yes,yes,yes,yes,yes,yes,yes,yes,yes,yes,yes,yes,yes,yes,yes,yes,yes,yes
Overall impression? (1 .. 10),10,8,7,7,8,7,9,7,8,7,9,7,8,5,7,9,8,6,7,9,5,8,8,5,8,5,8,7
Additional comments? (can cover any metrics you feel are missing,,,,,,,,,,,,,,,,,,,,,,,,,,,,
,,,,,,,,,,,,,,,,,,,,,,,,,,,,
,,,,,,,,,,,,,,,,,,,,,,,,,,,,
,,,,,,,,,,,,,,,,,,,,,,,,,,,,
,,,,,,,,,,,,,,,,,,,,,,,,,,,,
Number of text-based files. (number),1765,7968,7199,792,1697,825,9,2408,4662,1121,5415,2216,1394,660,1061,991,1376,261,6086,1909,1565,737,6932,174,3104,14973,7084,1339
Number of binary files. (number),210,5045,404,384,222,37,0,198,412,307,119,182,694,179,71,64,14,0,272,53,46,177,470,17,277,949,194,72
Number of total lines in text-based files. (number),704551,5807729,5800901,393418,853330,261421,898,1037215,1674661,323113,1279946,1048599,446586,188141,566852,197139,309989,38757,3208935,325191,1999723,607014,23075273,28497,1740910,3943927,1626315,442186
Number of total lines added to text-based files. (number),1460745,8927865,11620265,1003913,1498261,616487,1827,4459995,1812909,1056100,4685178,6785123,1464322,481358,1951862,784466,1062645,99790,12488014,1184445,6430308,797978,38256197,53434,5298467,27988293,3731066,1436631
Number of total lines deleted from text-based files. (number),691522,1563916,4994397,610501,645190,354833,929,2102355,169215,2009354,3514310,3860964,1018371,293968,936540,585248,744820,63100,13558561,872945,4274633,190949,13377128,24749,3562567,20598562,2112561,985384
Number of total commits. (number),7500,15746,9405,1206,4676,2119,309,10375,40,3562,34786,6727,6713,4356,5041,5341,13081,1229,27404,9462,733,1664,19510,139,10231,17755,19020,4360
Numbers of commits by year in the last 5 years. (Count from as early as possible if the project is younger than 5 years.) (list of numbers),"[475, 321, 290, 250, 81]","[1027, 608, 221, 53, 16]","[152, 8, 6, 5, 0]","[158, 251, 163, 166, 165]","[491, 840, 1244, 1315, 781]","[6, 9, 8, 10, 5]","[12, 9, 13, 31, 14]","[683, 889, 383, 0, 0]","[6, 8, 9, 14, 3]","[238, 0, 0, 1, 1]","[1713, 1618, 1247, 1251, 481]","[43, 7, 291, 394, 257]","[385, 269, 471, 113, 35]","[1, 0, 0, 0, 0]","[48, 13, 45, 25, 6]","[30, 68, 23, 298, 201]","[898, 556, 1743, 2343, 843]","[48, 14, 12, 22, 2]","[840, 409, 389, 338, 188]","[476, 331, 193, 117, 5]","[0, 0, 0, 0, 0]","[225, 162, 99, 19, 25]","[1216, 1294, 1386, 1236, 604]","[0, 1, 0, 0, 0]","[514, 437, 346, 130, 299]","[1774, 1441, 1193, 2722, 1142]","[336, 508, 262, 442, 82]","[221, 59, 69, 72, 40]"
Numbers of commits by month in the last 12 months. (list of numbers),"[15, 24, 40, 17, 16, 21, 11, 17, 27, 19, 9, 9]","[4, 9, 10, 0, 0, 2, 0, 0, 9, 3, 3, 1]","[0, 0, 0, 0, 1, 0, 0, 0, 0, 0, 0, 0]","[21, 19, 1, 8, 12, 39, 16, 8, 32, 43, 66, 16]","[74, 138, 111, 88, 140, 176, 115, 144, 203, 183, 177, 74]","[0, 0, 0, 0, 0, 0, 0, 1, 0, 3, 1, 0]","[3, 2, 0, 2, 7, 1, 4, 2, 1, 2, 9, 0]","[0, 0, 0, 0, 0, 0, 0, 0, 0, 0, 0, 0]","[0, 1, 0, 1, 2, 0, 0, 0, 0, 2, 1, 0]","[0, 0, 0, 0, 0, 0, 0, 0, 0, 1, 0, 0]","[82, 84, 80, 131, 162, 79, 79, 76, 102, 119, 150, 34]","[4, 8, 22, 4, 44, 199, 63, 140, 19, 4, 5, 89]","[7, 1, 16, 5, 18, 18, 2, 3, 2, 6, 20, 4]","[0, 0, 0, 0, 0, 0, 0, 0, 0, 0, 0, 0]","[0, 3, 5, 0, 2, 1, 0, 2, 3, 1, 0, 0]","[28, 0, 54, 3, 12, 0, 124, 41, 22, 83, 47, 8]","[90, 141, 49, 87, 108, 167, 302, 155, 280, 248, 154, 6]","[0, 1, 3, 1, 6, 1, 6, 0, 1, 0, 0, 1]","[24, 30, 10, 25, 25, 25, 33, 34, 45, 83, 19, 7]","[9, 2, 1, 1, 5, 18, 14, 1, 0, 4, 0, 0]","[0, 0, 0, 0, 0, 0, 0, 0, 0, 0, 0, 0]","[0, 0, 0, 0, 0, 0, 0, 3, 20, 0, 0, 2]","[52, 72, 93, 140, 155, 103, 103, 139, 134, 178, 104, 49]","[0, 0, 0, 0, 0, 0, 0, 0, 0, 0, 0, 0]","[0, 1, 10, 5, 9, 21, 26, 73, 81, 100, 39, 6]","[339, 273, 204, 380, 284, 290, 242, 221, 199, 350, 300, 72]","[27, 57, 57, 27, 14, 33, 20, 36, 25, 13, 8, 0]","[4, 6, 0, 18, 10, 7, 6, 0, 0, 26, 9, 5]"
Number of text-based files. (number),1765,7968,7199,792,1697,825,9,2408,4662,1121,5415,2216,1394,660,1061,991,1376,261,6086,1909,1565,737,6932,174,3104,14973,7084,1339
Number of total lines in text-based files. (number),704551,5807729,5800901,393418,853330,261421,898,1037215,1674661,323113,1279946,1048599,446586,188141,566852,197139,309989,38757,3208935,325191,1999723,607014,23075273,28497,1740910,3943927,1626315,442186
Number of code lines in text-based files. (number),193808,581442,1528236,292460,349490,147055,0,623306,1030524,134331,705686,339389,138801,141241,259447,105532,185472,18063,349961,159789,110614,143150,657303,14543,504916,1585430,843982,86965
Number of comment lines in text-based files. (number),83838,111823,159696,20041,56931,49139,0,199238,288836,33157,262117,96300,42167,5031,143248,54061,36989,10846,142879,84925,41081,46973,257698,5728,164109,618822,245304,116467
Number of blank lines in text-based files. (number),77856,148374,141325,27296,69694,43690,46,119056,259366,27023,155749,89220,44368,14882,65921,28650,40738,5795,130580,35753,26833,34157,657827,5414,97621,379306,206650,31291
Number of stars. (number),1337,4345,14465,146,13440,n/a,5475,801,4532,18159,4025,1081,13941,367,2521,2047,3354,879,1194,1803,213,3662,2836,1353,2133,24,590,24
Number of forks. (number),411,2025,3074,46,1501,n/a,903,355,614,4889,1366,300,4559,156,492,690,537,443,352,744,86,530,595,400,658,5,214,14
Number of people watching this repo. (number),22,76,403,9,128,n/a,241,71,61,573,168,52,260,34,141,39,66,44,54,47,13,79,110,34,108,2,56,9
Number of open pull requests. (number),92,6,153,0,181,n/a,4,45,7,44,26,0,42,6,22,26,9,12,98,78,3,55,3,11,0,0,15,1
Number of closed pull requests. (number),2358,4694,1778,5,364,n/a,615,985,46,869,17715,1889,2197,383,484,427,1428,282,3999,2201,108,1715,352,26,752,252,1906,795
